{"roc_auc": 0.9252759484794543, "pr_auc": 0.7845067941537722, "best_threshold": 0.3431807219843043}