{"roc_auc": 0.9600485605876272, "pr_auc": 0.5498466091358216, "best_threshold": 0.3176805078983307}