{"roc_auc": 0.9252511278718617, "pr_auc": 0.7845768412794227, "best_threshold": 0.34329602808996407}